-- phpMyAdmin SQL Dump
-- version 5.0.4
-- https://www.phpmyadmin.net/
--
-- Host: localhost
-- Generation Time: Dec 08, 2020 at 06:29 PM
-- Server version: 10.4.16-MariaDB
-- PHP Version: 7.4.12

SET SQL_MODE = "NO_AUTO_VALUE_ON_ZERO";
START TRANSACTION;
SET time_zone = "+00:00";


/*!40101 SET @OLD_CHARACTER_SET_CLIENT=@@CHARACTER_SET_CLIENT */;
/*!40101 SET @OLD_CHARACTER_SET_RESULTS=@@CHARACTER_SET_RESULTS */;
/*!40101 SET @OLD_COLLATION_CONNECTION=@@COLLATION_CONNECTION */;
/*!40101 SET NAMES utf8mb4 */;

--
-- Database: `traffic`
--

-- --------------------------------------------------------

--
-- Table structure for table `cameras`
--

CREATE TABLE `cameras` (
  `camera_id` int(10) UNSIGNED NOT NULL COMMENT 'id camera',
  `camera_name` varchar(255) COLLATE utf8mb4_unicode_ci NOT NULL COMMENT 'tên camera',
  `ip` varchar(255) COLLATE utf8mb4_unicode_ci DEFAULT NULL COMMENT 'dia chi ip',
  `toll_station_id` int(10) UNSIGNED NOT NULL COMMENT 'id tram thu'
) ENGINE=InnoDB DEFAULT CHARSET=utf8mb4 COLLATE=utf8mb4_unicode_ci;

--
-- Dumping data for table `cameras`
--

INSERT INTO `cameras` (`camera_id`, `camera_name`, `ip`, `toll_station_id`) VALUES
(1, 'Camera-1_CanTho-PhungHiep', NULL, 1),
(2, 'Camera-1_CaiLay', NULL, 3);

-- --------------------------------------------------------

--
-- Table structure for table `cameras_vehicles`
--

CREATE TABLE `cameras_vehicles` (
  `camera_vehicle_id` int(10) UNSIGNED NOT NULL COMMENT 'id lien ket camera vs vehicle',
  `time` datetime NOT NULL COMMENT 'thời gian',
  `camera_id` int(10) UNSIGNED NOT NULL COMMENT 'id camera',
  `vehicle_id` int(10) UNSIGNED NOT NULL COMMENT 'id xe'
) ENGINE=InnoDB DEFAULT CHARSET=utf8mb4 COLLATE=utf8mb4_unicode_ci;

--
-- Dumping data for table `cameras_vehicles`
--

INSERT INTO `cameras_vehicles` (`camera_vehicle_id`, `time`, `camera_id`, `vehicle_id`) VALUES
(1, '2020-12-08 00:43:57', 2, 1),
(2, '2020-12-08 00:43:57', 2, 2),
(3, '2020-12-08 00:43:57', 2, 3),
(4, '2020-12-08 00:43:57', 2, 4),
(5, '2020-12-08 00:43:58', 2, 5),
(6, '2020-12-08 00:43:59', 2, 6),
(7, '2020-12-08 00:43:59', 2, 7),
(8, '2020-12-08 00:44:02', 2, 8),
(9, '2020-12-08 00:44:02', 2, 9),
(10, '2020-12-08 00:44:05', 2, 10),
(11, '2020-12-08 00:44:09', 2, 11),
(12, '2020-12-08 00:44:11', 2, 12),
(13, '2020-12-08 00:44:12', 2, 13),
(14, '2020-12-08 00:44:12', 2, 14),
(15, '2020-12-08 00:44:14', 2, 15),
(16, '2020-12-08 00:44:19', 2, 16),
(17, '2020-12-08 00:44:20', 2, 17),
(18, '2020-12-08 00:44:21', 2, 18),
(19, '2020-12-08 00:44:25', 2, 19),
(20, '2020-12-08 00:44:27', 2, 20),
(21, '2020-12-08 00:44:27', 2, 21),
(22, '2020-12-08 00:44:28', 2, 22),
(23, '2020-12-08 00:44:30', 2, 23),
(24, '2020-12-08 00:44:33', 2, 24),
(25, '2020-12-08 00:44:34', 2, 25),
(26, '2020-12-08 00:44:35', 2, 26),
(27, '2020-12-08 00:44:38', 2, 27),
(28, '2020-12-08 00:44:39', 2, 28),
(29, '2020-12-08 00:44:40', 2, 29),
(30, '2020-12-08 00:44:40', 2, 30),
(31, '2020-12-08 00:44:42', 2, 31),
(32, '2020-12-08 00:44:43', 2, 32),
(33, '2020-12-08 00:44:45', 2, 33),
(34, '2020-12-08 00:44:46', 2, 34),
(35, '2020-12-08 00:44:48', 2, 35),
(36, '2020-12-08 00:44:49', 2, 36),
(37, '2020-12-08 00:44:50', 2, 37),
(38, '2020-12-08 00:44:52', 2, 38),
(39, '2020-12-08 00:45:04', 1, 39),
(40, '2020-12-08 00:45:04', 1, 40),
(41, '2020-12-08 00:45:04', 1, 41),
(42, '2020-12-08 00:45:05', 1, 42),
(43, '2020-12-08 00:45:09', 1, 43),
(44, '2020-12-08 00:45:11', 1, 44),
(45, '2020-12-08 00:45:16', 1, 45),
(46, '2020-12-08 00:45:18', 1, 46),
(47, '2020-12-08 00:45:20', 1, 47),
(48, '2020-12-08 00:45:27', 1, 48),
(49, '2020-12-08 00:45:31', 1, 49),
(50, '2020-12-08 00:45:33', 1, 50),
(51, '2020-12-08 00:45:36', 1, 51),
(52, '2020-12-08 00:45:39', 1, 52),
(53, '2020-12-08 00:45:42', 1, 53),
(54, '2020-12-08 00:45:43', 1, 54),
(55, '2020-12-08 00:45:44', 1, 55),
(56, '2020-12-08 00:45:45', 1, 56),
(57, '2020-12-08 00:45:47', 1, 57),
(58, '2020-12-08 00:45:48', 1, 58),
(59, '2020-12-08 00:45:49', 1, 59),
(60, '2020-12-08 00:45:52', 1, 60),
(61, '2020-12-08 00:45:52', 1, 61),
(62, '2020-12-09 00:22:45', 1, 62),
(63, '2020-12-09 00:22:45', 1, 63),
(64, '2020-12-09 00:22:45', 1, 64),
(65, '2020-12-09 00:22:46', 1, 65),
(66, '2020-12-09 00:22:46', 1, 66),
(67, '2020-12-09 00:22:46', 1, 67),
(68, '2020-12-09 00:22:46', 1, 68),
(69, '2020-12-09 00:22:47', 1, 69),
(70, '2020-12-09 00:22:47', 1, 70),
(71, '2020-12-09 00:22:48', 1, 71),
(72, '2020-12-09 00:22:49', 1, 72),
(73, '2020-12-09 00:22:50', 1, 73),
(74, '2020-12-09 00:22:50', 1, 74),
(75, '2020-12-09 00:22:50', 1, 75),
(76, '2020-12-09 00:22:51', 1, 76),
(77, '2020-12-09 00:22:51', 1, 77),
(78, '2020-12-09 00:22:51', 1, 78),
(79, '2020-12-09 00:22:52', 1, 79),
(80, '2020-12-09 00:22:55', 1, 80),
(81, '2020-12-09 00:22:55', 1, 81),
(82, '2020-12-09 00:22:57', 1, 82),
(83, '2020-12-09 00:22:58', 1, 83),
(84, '2020-12-09 00:22:59', 1, 84),
(85, '2020-12-09 00:22:59', 1, 85),
(86, '2020-12-09 00:23:00', 1, 86),
(87, '2020-12-09 00:23:00', 1, 87),
(88, '2020-12-09 00:23:01', 1, 88),
(89, '2020-12-09 00:23:02', 1, 89),
(90, '2020-12-09 00:23:02', 1, 90),
(91, '2020-12-09 00:23:03', 1, 91),
(92, '2020-12-09 00:23:07', 1, 92),
(93, '2020-12-09 00:23:08', 1, 93),
(94, '2020-12-09 00:23:09', 1, 94),
(95, '2020-12-09 00:23:09', 1, 95),
(96, '2020-12-09 00:23:10', 1, 96),
(97, '2020-12-09 00:23:10', 1, 97),
(98, '2020-12-09 00:23:12', 1, 98),
(99, '2020-12-09 00:23:15', 1, 99),
(100, '2020-12-09 00:23:15', 1, 100),
(101, '2020-12-09 00:23:15', 1, 101),
(102, '2020-12-09 00:23:15', 1, 102),
(103, '2020-12-09 00:23:16', 1, 103),
(104, '2020-12-09 00:23:16', 1, 104),
(105, '2020-12-09 00:23:16', 1, 105),
(106, '2020-12-09 00:23:19', 1, 106),
(107, '2020-12-09 00:23:20', 1, 107),
(108, '2020-12-09 00:23:20', 1, 108),
(109, '2020-12-09 00:23:21', 1, 109),
(110, '2020-12-09 00:23:22', 1, 110),
(111, '2020-12-09 00:23:22', 1, 111),
(112, '2020-12-09 00:23:24', 1, 112),
(113, '2020-12-09 00:23:24', 1, 113),
(114, '2020-12-09 00:23:25', 1, 114),
(115, '2020-12-09 00:23:26', 1, 115),
(116, '2020-12-09 00:23:27', 1, 116),
(117, '2020-12-09 00:23:28', 1, 117),
(118, '2020-12-09 00:23:28', 1, 118),
(119, '2020-12-09 00:23:30', 1, 119),
(120, '2020-12-09 00:23:30', 1, 120),
(121, '2020-12-09 00:23:31', 1, 121),
(122, '2020-12-09 00:23:46', 1, 122),
(123, '2020-12-09 00:23:47', 1, 123),
(124, '2020-12-09 00:23:48', 1, 124),
(125, '2020-12-09 00:23:48', 1, 125),
(126, '2020-12-09 00:23:49', 1, 126),
(127, '2020-12-09 00:23:50', 1, 127),
(128, '2020-12-09 00:23:50', 1, 128),
(129, '2020-12-09 00:23:52', 1, 129),
(130, '2020-12-09 00:23:52', 1, 130),
(131, '2020-12-09 00:23:54', 1, 131),
(132, '2020-12-09 00:23:55', 1, 132),
(133, '2020-12-09 00:23:55', 1, 133),
(134, '2020-12-09 00:23:55', 1, 134),
(135, '2020-12-09 00:23:55', 1, 135),
(136, '2020-12-09 00:23:57', 1, 136),
(137, '2020-12-09 00:23:58', 1, 137),
(138, '2020-12-09 00:23:58', 1, 138),
(139, '2020-12-09 00:24:00', 1, 139),
(140, '2020-12-09 00:24:01', 1, 140),
(141, '2020-12-09 00:24:02', 1, 141),
(142, '2020-12-09 00:24:02', 1, 142),
(143, '2020-12-09 00:24:03', 1, 143),
(144, '2020-12-09 00:24:03', 1, 144),
(145, '2020-12-09 00:24:04', 1, 145),
(146, '2020-12-09 00:24:05', 1, 146),
(147, '2020-12-09 00:24:05', 1, 147),
(148, '2020-12-09 00:24:05', 1, 148),
(149, '2020-12-09 00:24:05', 1, 149),
(150, '2020-12-09 00:24:07', 1, 150),
(151, '2020-12-09 00:24:07', 1, 151),
(152, '2020-12-09 00:24:07', 1, 152),
(153, '2020-12-09 00:24:09', 1, 153),
(154, '2020-12-09 00:24:10', 1, 154),
(155, '2020-12-09 00:24:11', 1, 155),
(156, '2020-12-09 00:24:12', 1, 156),
(157, '2020-12-09 00:24:43', 2, 157),
(158, '2020-12-09 00:24:43', 2, 158),
(159, '2020-12-09 00:24:44', 2, 159),
(160, '2020-12-09 00:24:51', 2, 160),
(161, '2020-12-09 00:24:51', 2, 161),
(162, '2020-12-09 00:24:52', 2, 162),
(163, '2020-12-09 00:24:56', 2, 163),
(164, '2020-12-09 00:25:00', 2, 164),
(165, '2020-12-09 00:25:01', 2, 165),
(166, '2020-12-09 00:25:01', 2, 166),
(167, '2020-12-09 00:25:04', 2, 167),
(168, '2020-12-09 00:25:04', 2, 168),
(169, '2020-12-09 00:25:04', 2, 169),
(170, '2020-12-09 00:25:07', 2, 170),
(171, '2020-12-09 00:25:08', 2, 171),
(172, '2020-12-09 00:25:09', 2, 172),
(173, '2020-12-09 00:25:09', 2, 173),
(174, '2020-12-09 00:25:10', 2, 174),
(175, '2020-12-09 00:25:10', 2, 175),
(176, '2020-12-09 00:25:10', 2, 176),
(177, '2020-12-09 00:25:12', 2, 177),
(178, '2020-12-09 00:25:13', 2, 178),
(179, '2020-12-09 00:25:13', 2, 179),
(180, '2020-12-09 00:25:13', 2, 180),
(181, '2020-12-09 00:25:14', 2, 181),
(182, '2020-12-09 00:25:15', 2, 182),
(183, '2020-12-09 00:25:19', 2, 183),
(184, '2020-12-09 00:25:22', 2, 184),
(185, '2020-12-09 00:25:23', 2, 185),
(186, '2020-12-09 00:25:26', 2, 186),
(187, '2020-12-09 00:25:27', 2, 187),
(188, '2020-12-09 00:25:28', 2, 188),
(189, '2020-12-09 00:25:30', 2, 189),
(190, '2020-12-09 00:25:31', 2, 190),
(191, '2020-12-09 00:25:31', 2, 191),
(192, '2020-12-09 00:25:33', 2, 192),
(193, '2020-12-09 00:25:33', 2, 193),
(194, '2020-12-09 00:25:35', 2, 194),
(195, '2020-12-09 00:25:35', 2, 195),
(196, '2020-12-09 00:25:35', 2, 196),
(197, '2020-12-09 00:25:37', 2, 197),
(198, '2020-12-09 00:25:38', 2, 198),
(199, '2020-12-09 00:25:39', 2, 199),
(200, '2020-12-09 00:25:41', 2, 200),
(201, '2020-12-09 00:25:41', 2, 201),
(202, '2020-12-09 00:25:42', 2, 202),
(203, '2020-12-09 00:25:43', 2, 203),
(204, '2020-12-09 00:25:46', 2, 204);

-- --------------------------------------------------------

--
-- Table structure for table `districts`
--

CREATE TABLE `districts` (
  `district_id` int(10) UNSIGNED NOT NULL COMMENT 'id huyện',
  `district_name` varchar(255) COLLATE utf8mb4_unicode_ci NOT NULL COMMENT 'tên huyện',
  `gso_id` varchar(255) COLLATE utf8mb4_unicode_ci NOT NULL COMMENT 'mã địa giới',
  `province_id` int(10) UNSIGNED NOT NULL COMMENT 'id tỉnh'
) ENGINE=InnoDB DEFAULT CHARSET=utf8mb4 COLLATE=utf8mb4_unicode_ci;

--
-- Dumping data for table `districts`
--

INSERT INTO `districts` (`district_id`, `district_name`, `gso_id`, `province_id`) VALUES
(1, 'Quận Ba Đình', '001', 1),
(2, 'Quận Hoàn Kiếm', '002', 1),
(3, 'Quận Tây Hồ', '003', 1),
(4, 'Quận Long Biên', '004', 1),
(5, 'Quận Cầu Giấy', '005', 1),
(6, 'Quận Đống Đa', '006', 1),
(7, 'Quận Hai Bà Trưng', '007', 1),
(8, 'Quận Hoàng Mai', '008', 1),
(9, 'Quận Thanh Xuân', '009', 1),
(10, 'Huyện Sóc Sơn', '016', 1),
(11, 'Huyện Đông Anh', '017', 1),
(12, 'Huyện Gia Lâm', '018', 1),
(13, 'Quận Nam Từ Liêm', '019', 1),
(14, 'Huyện Thanh Trì', '020', 1),
(15, 'Quận Bắc Từ Liêm', '021', 1),
(16, 'Huyện Mê Linh', '250', 1),
(17, 'Quận Hà Đông', '268', 1),
(18, 'Thị xã Sơn Tây', '269', 1),
(19, 'Huyện Ba Vì', '271', 1),
(20, 'Huyện Phúc Thọ', '272', 1),
(21, 'Huyện Đan Phượng', '273', 1),
(22, 'Huyện Hoài Đức', '274', 1),
(23, 'Huyện Quốc Oai', '275', 1),
(24, 'Huyện Thạch Thất', '276', 1),
(25, 'Huyện Chương Mỹ', '277', 1),
(26, 'Huyện Thanh Oai', '278', 1),
(27, 'Huyện Thường Tín', '279', 1),
(28, 'Huyện Phú Xuyên', '280', 1),
(29, 'Huyện Ứng Hòa', '281', 1),
(30, 'Huyện Mỹ Đức', '282', 1),
(31, 'Thành phố Hà Giang', '024', 2),
(32, 'Huyện Đồng Văn', '026', 2),
(33, 'Huyện Mèo Vạc', '027', 2),
(34, 'Huyện Yên Minh', '028', 2),
(35, 'Huyện Quản Bạ', '029', 2),
(36, 'Huyện Vị Xuyên', '030', 2),
(37, 'Huyện Bắc Mê', '031', 2),
(38, 'Huyện Hoàng Su Phì', '032', 2),
(39, 'Huyện Xín Mần', '033', 2),
(40, 'Huyện Bắc Quang', '034', 2),
(41, 'Huyện Quang Bình', '035', 2),
(42, 'Thành phố Cao Bằng', '040', 3),
(43, 'Huyện Bảo Lâm', '042', 3),
(44, 'Huyện Bảo Lạc', '043', 3),
(45, 'Huyện Hà Quảng', '045', 3),
(46, 'Huyện Trùng Khánh', '047', 3),
(47, 'Huyện Hạ Lang', '048', 3),
(48, 'Huyện Quảng Hòa', '049', 3),
(49, 'Huyện Hoà An', '051', 3),
(50, 'Huyện Nguyên Bình', '052', 3),
(51, 'Huyện Thạch An', '053', 3),
(52, 'Thành Phố Bắc Kạn', '058', 4),
(53, 'Huyện Pác Nặm', '060', 4),
(54, 'Huyện Ba Bể', '061', 4),
(55, 'Huyện Ngân Sơn', '062', 4),
(56, 'Huyện Bạch Thông', '063', 4),
(57, 'Huyện Chợ Đồn', '064', 4),
(58, 'Huyện Chợ Mới', '065', 4),
(59, 'Huyện Na Rì', '066', 4),
(60, 'Thành phố Tuyên Quang', '070', 5),
(61, 'Huyện Lâm Bình', '071', 5),
(62, 'Huyện Na Hang', '072', 5),
(63, 'Huyện Chiêm Hóa', '073', 5),
(64, 'Huyện Hàm Yên', '074', 5),
(65, 'Huyện Yên Sơn', '075', 5),
(66, 'Huyện Sơn Dương', '076', 5),
(67, 'Thành phố Lào Cai', '080', 6),
(68, 'Huyện Bát Xát', '082', 6),
(69, 'Huyện Mường Khương', '083', 6),
(70, 'Huyện Si Ma Cai', '084', 6),
(71, 'Huyện Bắc Hà', '085', 6),
(72, 'Huyện Bảo Thắng', '086', 6),
(73, 'Huyện Bảo Yên', '087', 6),
(74, 'Thị xã Sa Pa', '088', 6),
(75, 'Huyện Văn Bàn', '089', 6),
(76, 'Thành phố Điện Biên Phủ', '094', 7),
(77, 'Thị Xã Mường Lay', '095', 7),
(78, 'Huyện Mường Nhé', '096', 7),
(79, 'Huyện Mường Chà', '097', 7),
(80, 'Huyện Tủa Chùa', '098', 7),
(81, 'Huyện Tuần Giáo', '099', 7),
(82, 'Huyện Điện Biên', '100', 7),
(83, 'Huyện Điện Biên Đông', '101', 7),
(84, 'Huyện Mường Ảng', '102', 7),
(85, 'Huyện Nậm Pồ', '103', 7),
(86, 'Thành phố Lai Châu', '105', 8),
(87, 'Huyện Tam Đường', '106', 8),
(88, 'Huyện Mường Tè', '107', 8),
(89, 'Huyện Sìn Hồ', '108', 8),
(90, 'Huyện Phong Thổ', '109', 8),
(91, 'Huyện Than Uyên', '110', 8),
(92, 'Huyện Tân Uyên', '111', 8),
(93, 'Huyện Nậm Nhùn', '112', 8),
(94, 'Thành phố Sơn La', '116', 9),
(95, 'Huyện Quỳnh Nhai', '118', 9),
(96, 'Huyện Thuận Châu', '119', 9),
(97, 'Huyện Mường La', '120', 9),
(98, 'Huyện Bắc Yên', '121', 9),
(99, 'Huyện Phù Yên', '122', 9),
(100, 'Huyện Mộc Châu', '123', 9),
(101, 'Huyện Yên Châu', '124', 9),
(102, 'Huyện Mai Sơn', '125', 9),
(103, 'Huyện Sông Mã', '126', 9),
(104, 'Huyện Sốp Cộp', '127', 9),
(105, 'Huyện Vân Hồ', '128', 9),
(106, 'Thành phố Yên Bái', '132', 10),
(107, 'Thị xã Nghĩa Lộ', '133', 10),
(108, 'Huyện Lục Yên', '135', 10),
(109, 'Huyện Văn Yên', '136', 10),
(110, 'Huyện Mù Căng Chải', '137', 10),
(111, 'Huyện Trấn Yên', '138', 10),
(112, 'Huyện Trạm Tấu', '139', 10),
(113, 'Huyện Văn Chấn', '140', 10),
(114, 'Huyện Yên Bình', '141', 10),
(115, 'Thành phố Hòa Bình', '148', 11),
(116, 'Huyện Đà Bắc', '150', 11),
(117, 'Huyện Lương Sơn', '152', 11),
(118, 'Huyện Kim Bôi', '153', 11),
(119, 'Huyện Cao Phong', '154', 11),
(120, 'Huyện Tân Lạc', '155', 11),
(121, 'Huyện Mai Châu', '156', 11),
(122, 'Huyện Lạc Sơn', '157', 11),
(123, 'Huyện Yên Thủy', '158', 11),
(124, 'Huyện Lạc Thủy', '159', 11),
(125, 'Thành phố Thái Nguyên', '164', 12),
(126, 'Thành phố Sông Công', '165', 12),
(127, 'Huyện Định Hóa', '167', 12),
(128, 'Huyện Phú Lương', '168', 12),
(129, 'Huyện Đồng Hỷ', '169', 12),
(130, 'Huyện Võ Nhai', '170', 12),
(131, 'Huyện Đại Từ', '171', 12),
(132, 'Thị xã Phổ Yên', '172', 12),
(133, 'Huyện Phú Bình', '173', 12),
(134, 'Thành phố Lạng Sơn', '178', 13),
(135, 'Huyện Tràng Định', '180', 13),
(136, 'Huyện Bình Gia', '181', 13),
(137, 'Huyện Văn Lãng', '182', 13),
(138, 'Huyện Cao Lộc', '183', 13),
(139, 'Huyện Văn Quan', '184', 13),
(140, 'Huyện Bắc Sơn', '185', 13),
(141, 'Huyện Hữu Lũng', '186', 13),
(142, 'Huyện Chi Lăng', '187', 13),
(143, 'Huyện Lộc Bình', '188', 13),
(144, 'Huyện Đình Lập', '189', 13),
(145, 'Thành phố Hạ Long', '193', 14),
(146, 'Thành phố Móng Cái', '194', 14),
(147, 'Thành phố Cẩm Phả', '195', 14),
(148, 'Thành phố Uông Bí', '196', 14),
(149, 'Huyện Bình Liêu', '198', 14),
(150, 'Huyện Tiên Yên', '199', 14),
(151, 'Huyện Đầm Hà', '200', 14),
(152, 'Huyện Hải Hà', '201', 14),
(153, 'Huyện Ba Chẽ', '202', 14),
(154, 'Huyện Vân Đồn', '203', 14),
(155, 'Thị xã Đông Triều', '205', 14),
(156, 'Thị xã Quảng Yên', '206', 14),
(157, 'Huyện Cô Tô', '207', 14),
(158, 'Thành phố Bắc Giang', '213', 15),
(159, 'Huyện Yên Thế', '215', 15),
(160, 'Huyện Tân Yên', '216', 15),
(161, 'Huyện Lạng Giang', '217', 15),
(162, 'Huyện Lục Nam', '218', 15),
(163, 'Huyện Lục Ngạn', '219', 15),
(164, 'Huyện Sơn Động', '220', 15),
(165, 'Huyện Yên Dũng', '221', 15),
(166, 'Huyện Việt Yên', '222', 15),
(167, 'Huyện Hiệp Hòa', '223', 15),
(168, 'Thành phố Việt Trì', '227', 16),
(169, 'Thị xã Phú Thọ', '228', 16),
(170, 'Huyện Đoan Hùng', '230', 16),
(171, 'Huyện Hạ Hoà', '231', 16),
(172, 'Huyện Thanh Ba', '232', 16),
(173, 'Huyện Phù Ninh', '233', 16),
(174, 'Huyện Yên Lập', '234', 16),
(175, 'Huyện Cẩm Khê', '235', 16),
(176, 'Huyện Tam Nông', '236', 16),
(177, 'Huyện Lâm Thao', '237', 16),
(178, 'Huyện Thanh Sơn', '238', 16),
(179, 'Huyện Thanh Thuỷ', '239', 16),
(180, 'Huyện Tân Sơn', '240', 16),
(181, 'Thành phố Vĩnh Yên', '243', 17),
(182, 'Thành phố Phúc Yên', '244', 17),
(183, 'Huyện Lập Thạch', '246', 17),
(184, 'Huyện Tam Dương', '247', 17),
(185, 'Huyện Tam Đảo', '248', 17),
(186, 'Huyện Bình Xuyên', '249', 17),
(187, 'Huyện Yên Lạc', '251', 17),
(188, 'Huyện Vĩnh Tường', '252', 17),
(189, 'Huyện Sông Lô', '253', 17),
(190, 'Thành phố Bắc Ninh', '256', 18),
(191, 'Huyện Yên Phong', '258', 18),
(192, 'Huyện Quế Võ', '259', 18),
(193, 'Huyện Tiên Du', '260', 18),
(194, 'Thị xã Từ Sơn', '261', 18),
(195, 'Huyện Thuận Thành', '262', 18),
(196, 'Huyện Gia Bình', '263', 18),
(197, 'Huyện Lương Tài', '264', 18),
(198, 'Thành phố Hải Dương', '288', 19),
(199, 'Thành phố Chí Linh', '290', 19),
(200, 'Huyện Nam Sách', '291', 19),
(201, 'Thị xã Kinh Môn', '292', 19),
(202, 'Huyện Kim Thành', '293', 19),
(203, 'Huyện Thanh Hà', '294', 19),
(204, 'Huyện Cẩm Giàng', '295', 19),
(205, 'Huyện Bình Giang', '296', 19),
(206, 'Huyện Gia Lộc', '297', 19),
(207, 'Huyện Tứ Kỳ', '298', 19),
(208, 'Huyện Ninh Giang', '299', 19),
(209, 'Huyện Thanh Miện', '300', 19),
(210, 'Quận Hồng Bàng', '303', 20),
(211, 'Quận Ngô Quyền', '304', 20),
(212, 'Quận Lê Chân', '305', 20),
(213, 'Quận Hải An', '306', 20),
(214, 'Quận Kiến An', '307', 20),
(215, 'Quận Đồ Sơn', '308', 20),
(216, 'Quận Dương Kinh', '309', 20),
(217, 'Huyện Thuỷ Nguyên', '311', 20),
(218, 'Huyện An Dương', '312', 20),
(219, 'Huyện An Lão', '313', 20),
(220, 'Huyện Kiến Thuỵ', '314', 20),
(221, 'Huyện Tiên Lãng', '315', 20),
(222, 'Huyện Vĩnh Bảo', '316', 20),
(223, 'Huyện Cát Hải', '317', 20),
(224, 'Thành phố Hưng Yên', '323', 21),
(225, 'Huyện Văn Lâm', '325', 21),
(226, 'Huyện Văn Giang', '326', 21),
(227, 'Huyện Yên Mỹ', '327', 21),
(228, 'Thị xã Mỹ Hào', '328', 21),
(229, 'Huyện Ân Thi', '329', 21),
(230, 'Huyện Khoái Châu', '330', 21),
(231, 'Huyện Kim Động', '331', 21),
(232, 'Huyện Tiên Lữ', '332', 21),
(233, 'Huyện Phù Cừ', '333', 21),
(234, 'Thành phố Thái Bình', '336', 22),
(235, 'Huyện Quỳnh Phụ', '338', 22),
(236, 'Huyện Hưng Hà', '339', 22),
(237, 'Huyện Đông Hưng', '340', 22),
(238, 'Huyện Thái Thụy', '341', 22),
(239, 'Huyện Tiền Hải', '342', 22),
(240, 'Huyện Kiến Xương', '343', 22),
(241, 'Huyện Vũ Thư', '344', 22),
(242, 'Thành phố Phủ Lý', '347', 23),
(243, 'Thị xã Duy Tiên', '349', 23),
(244, 'Huyện Kim Bảng', '350', 23),
(245, 'Huyện Thanh Liêm', '351', 23),
(246, 'Huyện Bình Lục', '352', 23),
(247, 'Huyện Lý Nhân', '353', 23),
(248, 'Thành phố Nam Định', '356', 24),
(249, 'Huyện Mỹ Lộc', '358', 24),
(250, 'Huyện Vụ Bản', '359', 24),
(251, 'Huyện Ý Yên', '360', 24),
(252, 'Huyện Nghĩa Hưng', '361', 24),
(253, 'Huyện Nam Trực', '362', 24),
(254, 'Huyện Trực Ninh', '363', 24),
(255, 'Huyện Xuân Trường', '364', 24),
(256, 'Huyện Giao Thủy', '365', 24),
(257, 'Huyện Hải Hậu', '366', 24),
(258, 'Thành phố Ninh Bình', '369', 25),
(259, 'Thành phố Tam Điệp', '370', 25),
(260, 'Huyện Nho Quan', '372', 25),
(261, 'Huyện Gia Viễn', '373', 25),
(262, 'Huyện Hoa Lư', '374', 25),
(263, 'Huyện Yên Khánh', '375', 25),
(264, 'Huyện Kim Sơn', '376', 25),
(265, 'Huyện Yên Mô', '377', 25),
(266, 'Thành phố Thanh Hóa', '380', 26),
(267, 'Thị xã Bỉm Sơn', '381', 26),
(268, 'Thành phố Sầm Sơn', '382', 26),
(269, 'Huyện Mường Lát', '384', 26),
(270, 'Huyện Quan Hóa', '385', 26),
(271, 'Huyện Bá Thước', '386', 26),
(272, 'Huyện Quan Sơn', '387', 26),
(273, 'Huyện Lang Chánh', '388', 26),
(274, 'Huyện Ngọc Lặc', '389', 26),
(275, 'Huyện Cẩm Thủy', '390', 26),
(276, 'Huyện Thạch Thành', '391', 26),
(277, 'Huyện Hà Trung', '392', 26),
(278, 'Huyện Vĩnh Lộc', '393', 26),
(279, 'Huyện Yên Định', '394', 26),
(280, 'Huyện Thọ Xuân', '395', 26),
(281, 'Huyện Thường Xuân', '396', 26),
(282, 'Huyện Triệu Sơn', '397', 26),
(283, 'Huyện Thiệu Hóa', '398', 26),
(284, 'Huyện Hoằng Hóa', '399', 26),
(285, 'Huyện Hậu Lộc', '400', 26),
(286, 'Huyện Nga Sơn', '401', 26),
(287, 'Huyện Như Xuân', '402', 26),
(288, 'Huyện Như Thanh', '403', 26),
(289, 'Huyện Nông Cống', '404', 26),
(290, 'Huyện Đông Sơn', '405', 26),
(291, 'Huyện Quảng Xương', '406', 26),
(292, 'Thị xã Nghi Sơn', '407', 26),
(293, 'Thành phố Vinh', '412', 27),
(294, 'Thị xã Cửa Lò', '413', 27),
(295, 'Thị xã Thái Hoà', '414', 27),
(296, 'Huyện Quế Phong', '415', 27),
(297, 'Huyện Quỳ Châu', '416', 27),
(298, 'Huyện Kỳ Sơn', '417', 27),
(299, 'Huyện Tương Dương', '418', 27),
(300, 'Huyện Nghĩa Đàn', '419', 27),
(301, 'Huyện Quỳ Hợp', '420', 27),
(302, 'Huyện Quỳnh Lưu', '421', 27),
(303, 'Huyện Con Cuông', '422', 27),
(304, 'Huyện Tân Kỳ', '423', 27),
(305, 'Huyện Anh Sơn', '424', 27),
(306, 'Huyện Diễn Châu', '425', 27),
(307, 'Huyện Yên Thành', '426', 27),
(308, 'Huyện Đô Lương', '427', 27),
(309, 'Huyện Thanh Chương', '428', 27),
(310, 'Huyện Nghi Lộc', '429', 27),
(311, 'Huyện Nam Đàn', '430', 27),
(312, 'Huyện Hưng Nguyên', '431', 27),
(313, 'Thị xã Hoàng Mai', '432', 27),
(314, 'Thành phố Hà Tĩnh', '436', 28),
(315, 'Thị xã Hồng Lĩnh', '437', 28),
(316, 'Huyện Hương Sơn', '439', 28),
(317, 'Huyện Đức Thọ', '440', 28),
(318, 'Huyện Vũ Quang', '441', 28),
(319, 'Huyện Nghi Xuân', '442', 28),
(320, 'Huyện Can Lộc', '443', 28),
(321, 'Huyện Hương Khê', '444', 28),
(322, 'Huyện Thạch Hà', '445', 28),
(323, 'Huyện Cẩm Xuyên', '446', 28),
(324, 'Huyện Kỳ Anh', '447', 28),
(325, 'Huyện Lộc Hà', '448', 28),
(326, 'Thị xã Kỳ Anh', '449', 28),
(327, 'Thành Phố Đồng Hới', '450', 29),
(328, 'Huyện Minh Hóa', '452', 29),
(329, 'Huyện Tuyên Hóa', '453', 29),
(330, 'Huyện Quảng Trạch', '454', 29),
(331, 'Huyện Bố Trạch', '455', 29),
(332, 'Huyện Quảng Ninh', '456', 29),
(333, 'Huyện Lệ Thủy', '457', 29),
(334, 'Thị xã Ba Đồn', '458', 29),
(335, 'Thành phố Đông Hà', '461', 30),
(336, 'Thị xã Quảng Trị', '462', 30),
(337, 'Huyện Vĩnh Linh', '464', 30),
(338, 'Huyện Hướng Hóa', '465', 30),
(339, 'Huyện Gio Linh', '466', 30),
(340, 'Huyện Đa Krông', '467', 30),
(341, 'Huyện Cam Lộ', '468', 30),
(342, 'Huyện Triệu Phong', '469', 30),
(343, 'Huyện Hải Lăng', '470', 30),
(344, 'Thành phố Huế', '474', 31),
(345, 'Huyện Phong Điền', '476', 31),
(346, 'Huyện Quảng Điền', '477', 31),
(347, 'Huyện Phú Vang', '478', 31),
(348, 'Thị xã Hương Thủy', '479', 31),
(349, 'Thị xã Hương Trà', '480', 31),
(350, 'Huyện A Lưới', '481', 31),
(351, 'Huyện Phú Lộc', '482', 31),
(352, 'Huyện Nam Đông', '483', 31),
(353, 'Quận Liên Chiểu', '490', 32),
(354, 'Quận Thanh Khê', '491', 32),
(355, 'Quận Hải Châu', '492', 32),
(356, 'Quận Sơn Trà', '493', 32),
(357, 'Quận Ngũ Hành Sơn', '494', 32),
(358, 'Quận Cẩm Lệ', '495', 32),
(359, 'Huyện Hòa Vang', '497', 32),
(360, 'Thành phố Tam Kỳ', '502', 33),
(361, 'Thành phố Hội An', '503', 33),
(362, 'Huyện Tây Giang', '504', 33),
(363, 'Huyện Đông Giang', '505', 33),
(364, 'Huyện Đại Lộc', '506', 33),
(365, 'Thị xã Điện Bàn', '507', 33),
(366, 'Huyện Duy Xuyên', '508', 33),
(367, 'Huyện Quế Sơn', '509', 33),
(368, 'Huyện Nam Giang', '510', 33),
(369, 'Huyện Phước Sơn', '511', 33),
(370, 'Huyện Hiệp Đức', '512', 33),
(371, 'Huyện Thăng Bình', '513', 33),
(372, 'Huyện Tiên Phước', '514', 33),
(373, 'Huyện Bắc Trà My', '515', 33),
(374, 'Huyện Nam Trà My', '516', 33),
(375, 'Huyện Núi Thành', '517', 33),
(376, 'Huyện Phú Ninh', '518', 33),
(377, 'Huyện Nông Sơn', '519', 33),
(378, 'Thành phố Quảng Ngãi', '522', 34),
(379, 'Huyện Bình Sơn', '524', 34),
(380, 'Huyện Trà Bồng', '525', 34),
(381, 'Huyện Sơn Tịnh', '527', 34),
(382, 'Huyện Tư Nghĩa', '528', 34),
(383, 'Huyện Sơn Hà', '529', 34),
(384, 'Huyện Sơn Tây', '530', 34),
(385, 'Huyện Minh Long', '531', 34),
(386, 'Huyện Nghĩa Hành', '532', 34),
(387, 'Huyện Mộ Đức', '533', 34),
(388, 'Thị xã Đức Phổ', '534', 34),
(389, 'Huyện Ba Tơ', '535', 34),
(390, 'Thành phố Qui Nhơn', '540', 35),
(391, 'Huyện An Lão', '542', 35),
(392, 'Thị xã Hoài Nhơn', '543', 35),
(393, 'Huyện Hoài Ân', '544', 35),
(394, 'Huyện Phù Mỹ', '545', 35),
(395, 'Huyện Vĩnh Thạnh', '546', 35),
(396, 'Huyện Tây Sơn', '547', 35),
(397, 'Huyện Phù Cát', '548', 35),
(398, 'Thị xã An Nhơn', '549', 35),
(399, 'Huyện Tuy Phước', '550', 35),
(400, 'Huyện Vân Canh', '551', 35),
(401, 'Thành phố Tuy Hoà', '555', 36),
(402, 'Thị xã Sông Cầu', '557', 36),
(403, 'Huyện Đồng Xuân', '558', 36),
(404, 'Huyện Tuy An', '559', 36),
(405, 'Huyện Sơn Hòa', '560', 36),
(406, 'Huyện Sông Hinh', '561', 36),
(407, 'Huyện Tây Hoà', '562', 36),
(408, 'Huyện Phú Hoà', '563', 36),
(409, 'Thị xã Đông Hòa', '564', 36),
(410, 'Thành phố Nha Trang', '568', 37),
(411, 'Thành phố Cam Ranh', '569', 37),
(412, 'Huyện Cam Lâm', '570', 37),
(413, 'Huyện Vạn Ninh', '571', 37),
(414, 'Thị xã Ninh Hòa', '572', 37),
(415, 'Huyện Khánh Vĩnh', '573', 37),
(416, 'Huyện Diên Khánh', '574', 37),
(417, 'Huyện Khánh Sơn', '575', 37),
(418, 'Huyện Trường Sa', '576', 37),
(419, 'Thành phố Phan Rang-Tháp Chàm', '582', 38),
(420, 'Huyện Bác Ái', '584', 38),
(421, 'Huyện Ninh Sơn', '585', 38),
(422, 'Huyện Ninh Hải', '586', 38),
(423, 'Huyện Ninh Phước', '587', 38),
(424, 'Huyện Thuận Bắc', '588', 38),
(425, 'Huyện Thuận Nam', '589', 38),
(426, 'Thành phố Phan Thiết', '593', 39),
(427, 'Thị xã La Gi', '594', 39),
(428, 'Huyện Tuy Phong', '595', 39),
(429, 'Huyện Bắc Bình', '596', 39),
(430, 'Huyện Hàm Thuận Bắc', '597', 39),
(431, 'Huyện Hàm Thuận Nam', '598', 39),
(432, 'Huyện Tánh Linh', '599', 39),
(433, 'Huyện Đức Linh', '600', 39),
(434, 'Huyện Hàm Tân', '601', 39),
(435, 'Huyện Phú Quí', '602', 39),
(436, 'Thành phố Kon Tum', '608', 40),
(437, 'Huyện Đắk Glei', '610', 40),
(438, 'Huyện Ngọc Hồi', '611', 40),
(439, 'Huyện Đắk Tô', '612', 40),
(440, 'Huyện Kon Plông', '613', 40),
(441, 'Huyện Kon Rẫy', '614', 40),
(442, 'Huyện Đắk Hà', '615', 40),
(443, 'Huyện Sa Thầy', '616', 40),
(444, 'Huyện Tu Mơ Rông', '617', 40),
(445, 'Huyện Ia H\' Drai', '618', 40),
(446, 'Thành phố Pleiku', '622', 41),
(447, 'Thị xã An Khê', '623', 41),
(448, 'Thị xã Ayun Pa', '624', 41),
(449, 'Huyện KBang', '625', 41),
(450, 'Huyện Đăk Đoa', '626', 41),
(451, 'Huyện Chư Păh', '627', 41),
(452, 'Huyện Ia Grai', '628', 41),
(453, 'Huyện Mang Yang', '629', 41),
(454, 'Huyện Kông Chro', '630', 41),
(455, 'Huyện Đức Cơ', '631', 41),
(456, 'Huyện Chư Prông', '632', 41),
(457, 'Huyện Chư Sê', '633', 41),
(458, 'Huyện Đăk Pơ', '634', 41),
(459, 'Huyện Ia Pa', '635', 41),
(460, 'Huyện Krông Pa', '637', 41),
(461, 'Huyện Phú Thiện', '638', 41),
(462, 'Huyện Chư Pưh', '639', 41),
(463, 'Thành phố Buôn Ma Thuột', '643', 42),
(464, 'Thị Xã Buôn Hồ', '644', 42),
(465, 'Huyện Ea H\'leo', '645', 42),
(466, 'Huyện Ea Súp', '646', 42),
(467, 'Huyện Buôn Đôn', '647', 42),
(468, 'Huyện Cư M\'gar', '648', 42),
(469, 'Huyện Krông Búk', '649', 42),
(470, 'Huyện Krông Năng', '650', 42),
(471, 'Huyện Ea Kar', '651', 42),
(472, 'Huyện M\'Đrắk', '652', 42),
(473, 'Huyện Krông Bông', '653', 42),
(474, 'Huyện Krông Pắc', '654', 42),
(475, 'Huyện Krông A Na', '655', 42),
(476, 'Huyện Lắk', '656', 42),
(477, 'Huyện Cư Kuin', '657', 42),
(478, 'Thành phố Gia Nghĩa', '660', 43),
(479, 'Huyện Đăk Glong', '661', 43),
(480, 'Huyện Cư Jút', '662', 43),
(481, 'Huyện Đắk Mil', '663', 43),
(482, 'Huyện Krông Nô', '664', 43),
(483, 'Huyện Đắk Song', '665', 43),
(484, 'Huyện Đắk R\'Lấp', '666', 43),
(485, 'Huyện Tuy Đức', '667', 43),
(486, 'Thành phố Đà Lạt', '672', 44),
(487, 'Thành phố Bảo Lộc', '673', 44),
(488, 'Huyện Đam Rông', '674', 44),
(489, 'Huyện Lạc Dương', '675', 44),
(490, 'Huyện Lâm Hà', '676', 44),
(491, 'Huyện Đơn Dương', '677', 44),
(492, 'Huyện Đức Trọng', '678', 44),
(493, 'Huyện Di Linh', '679', 44),
(494, 'Huyện Bảo Lâm', '680', 44),
(495, 'Huyện Đạ Huoai', '681', 44),
(496, 'Huyện Đạ Tẻh', '682', 44),
(497, 'Huyện Cát Tiên', '683', 44),
(498, 'Thị xã Phước Long', '688', 45),
(499, 'Thành phố Đồng Xoài', '689', 45),
(500, 'Thị xã Bình Long', '690', 45),
(501, 'Huyện Bù Gia Mập', '691', 45),
(502, 'Huyện Lộc Ninh', '692', 45),
(503, 'Huyện Bù Đốp', '693', 45),
(504, 'Huyện Hớn Quản', '694', 45),
(505, 'Huyện Đồng Phú', '695', 45),
(506, 'Huyện Bù Đăng', '696', 45),
(507, 'Huyện Chơn Thành', '697', 45),
(508, 'Huyện Phú Riềng', '698', 45),
(509, 'Thành phố Tây Ninh', '703', 46),
(510, 'Huyện Tân Biên', '705', 46),
(511, 'Huyện Tân Châu', '706', 46),
(512, 'Huyện Dương Minh Châu', '707', 46),
(513, 'Huyện Châu Thành', '708', 46),
(514, 'Thị xã Hòa Thành', '709', 46),
(515, 'Huyện Gò Dầu', '710', 46),
(516, 'Huyện Bến Cầu', '711', 46),
(517, 'Thị xã Trảng Bàng', '712', 46),
(518, 'Thành phố Thủ Dầu Một', '718', 47),
(519, 'Huyện Bàu Bàng', '719', 47),
(520, 'Huyện Dầu Tiếng', '720', 47),
(521, 'Thị xã Bến Cát', '721', 47),
(522, 'Huyện Phú Giáo', '722', 47),
(523, 'Thị xã Tân Uyên', '723', 47),
(524, 'Thành phố Dĩ An', '724', 47),
(525, 'Thành phố Thuận An', '725', 47),
(526, 'Huyện Bắc Tân Uyên', '726', 47),
(527, 'Thành phố Biên Hòa', '731', 48),
(528, 'Thành phố Long Khánh', '732', 48),
(529, 'Huyện Tân Phú', '734', 48),
(530, 'Huyện Vĩnh Cửu', '735', 48),
(531, 'Huyện Định Quán', '736', 48),
(532, 'Huyện Trảng Bom', '737', 48),
(533, 'Huyện Thống Nhất', '738', 48),
(534, 'Huyện Cẩm Mỹ', '739', 48),
(535, 'Huyện Long Thành', '740', 48),
(536, 'Huyện Xuân Lộc', '741', 48),
(537, 'Huyện Nhơn Trạch', '742', 48),
(538, 'Thành phố Vũng Tàu', '747', 49),
(539, 'Thành phố Bà Rịa', '748', 49),
(540, 'Huyện Châu Đức', '750', 49),
(541, 'Huyện Xuyên Mộc', '751', 49),
(542, 'Huyện Long Điền', '752', 49),
(543, 'Huyện Đất Đỏ', '753', 49),
(544, 'Thị xã Phú Mỹ', '754', 49),
(545, 'Quận 1', '760', 50),
(546, 'Quận 12', '761', 50),
(547, 'Quận Thủ Đức', '762', 50),
(548, 'Quận 9', '763', 50),
(549, 'Quận Gò Vấp', '764', 50),
(550, 'Quận Bình Thạnh', '765', 50),
(551, 'Quận Tân Bình', '766', 50),
(552, 'Quận Tân Phú', '767', 50),
(553, 'Quận Phú Nhuận', '768', 50),
(554, 'Quận 2', '769', 50),
(555, 'Quận 3', '770', 50),
(556, 'Quận 10', '771', 50),
(557, 'Quận 11', '772', 50),
(558, 'Quận 4', '773', 50),
(559, 'Quận 5', '774', 50),
(560, 'Quận 6', '775', 50),
(561, 'Quận 8', '776', 50),
(562, 'Quận Bình Tân', '777', 50),
(563, 'Quận 7', '778', 50),
(564, 'Huyện Củ Chi', '783', 50),
(565, 'Huyện Hóc Môn', '784', 50),
(566, 'Huyện Bình Chánh', '785', 50),
(567, 'Huyện Nhà Bè', '786', 50),
(568, 'Huyện Cần Giờ', '787', 50),
(569, 'Thành phố Tân An', '794', 51),
(570, 'Thị xã Kiến Tường', '795', 51),
(571, 'Huyện Tân Hưng', '796', 51),
(572, 'Huyện Vĩnh Hưng', '797', 51),
(573, 'Huyện Mộc Hóa', '798', 51),
(574, 'Huyện Tân Thạnh', '799', 51),
(575, 'Huyện Thạnh Hóa', '800', 51),
(576, 'Huyện Đức Huệ', '801', 51),
(577, 'Huyện Đức Hòa', '802', 51),
(578, 'Huyện Bến Lức', '803', 51),
(579, 'Huyện Thủ Thừa', '804', 51),
(580, 'Huyện Tân Trụ', '805', 51),
(581, 'Huyện Cần Đước', '806', 51),
(582, 'Huyện Cần Giuộc', '807', 51),
(583, 'Huyện Châu Thành', '808', 51),
(584, 'Thành phố Mỹ Tho', '815', 52),
(585, 'Thị xã Gò Công', '816', 52),
(586, 'Thị xã Cai Lậy', '817', 52),
(587, 'Huyện Tân Phước', '818', 52),
(588, 'Huyện Cái Bè', '819', 52),
(589, 'Huyện Cai Lậy', '820', 52),
(590, 'Huyện Châu Thành', '821', 52),
(591, 'Huyện Chợ Gạo', '822', 52),
(592, 'Huyện Gò Công Tây', '823', 52),
(593, 'Huyện Gò Công Đông', '824', 52),
(594, 'Huyện Tân Phú Đông', '825', 52),
(595, 'Thành phố Bến Tre', '829', 53),
(596, 'Huyện Châu Thành', '831', 53),
(597, 'Huyện Chợ Lách', '832', 53),
(598, 'Huyện Mỏ Cày Nam', '833', 53),
(599, 'Huyện Giồng Trôm', '834', 53),
(600, 'Huyện Bình Đại', '835', 53),
(601, 'Huyện Ba Tri', '836', 53),
(602, 'Huyện Thạnh Phú', '837', 53),
(603, 'Huyện Mỏ Cày Bắc', '838', 53),
(604, 'Thành phố Trà Vinh', '842', 54),
(605, 'Huyện Càng Long', '844', 54),
(606, 'Huyện Cầu Kè', '845', 54),
(607, 'Huyện Tiểu Cần', '846', 54),
(608, 'Huyện Châu Thành', '847', 54),
(609, 'Huyện Cầu Ngang', '848', 54),
(610, 'Huyện Trà Cú', '849', 54),
(611, 'Huyện Duyên Hải', '850', 54),
(612, 'Thị xã Duyên Hải', '851', 54),
(613, 'Thành phố Vĩnh Long', '855', 55),
(614, 'Huyện Long Hồ', '857', 55),
(615, 'Huyện Mang Thít', '858', 55),
(616, 'Huyện  Vũng Liêm', '859', 55),
(617, 'Huyện Tam Bình', '860', 55),
(618, 'Thị xã Bình Minh', '861', 55),
(619, 'Huyện Trà Ôn', '862', 55),
(620, 'Huyện Bình Tân', '863', 55),
(621, 'Thành phố Cao Lãnh', '866', 56),
(622, 'Thành phố Sa Đéc', '867', 56),
(623, 'Thị xã Hồng Ngự', '868', 56),
(624, 'Huyện Tân Hồng', '869', 56),
(625, 'Huyện Hồng Ngự', '870', 56),
(626, 'Huyện Tam Nông', '871', 56),
(627, 'Huyện Tháp Mười', '872', 56),
(628, 'Huyện Cao Lãnh', '873', 56),
(629, 'Huyện Thanh Bình', '874', 56),
(630, 'Huyện Lấp Vò', '875', 56),
(631, 'Huyện Lai Vung', '876', 56),
(632, 'Huyện Châu Thành', '877', 56),
(633, 'Thành phố Long Xuyên', '883', 57),
(634, 'Thành phố Châu Đốc', '884', 57),
(635, 'Huyện An Phú', '886', 57),
(636, 'Thị xã Tân Châu', '887', 57),
(637, 'Huyện Phú Tân', '888', 57),
(638, 'Huyện Châu Phú', '889', 57),
(639, 'Huyện Tịnh Biên', '890', 57),
(640, 'Huyện Tri Tôn', '891', 57),
(641, 'Huyện Châu Thành', '892', 57),
(642, 'Huyện Chợ Mới', '893', 57),
(643, 'Huyện Thoại Sơn', '894', 57),
(644, 'Thành phố Rạch Giá', '899', 58),
(645, 'Thành phố Hà Tiên', '900', 58),
(646, 'Huyện Kiên Lương', '902', 58),
(647, 'Huyện Hòn Đất', '903', 58),
(648, 'Huyện Tân Hiệp', '904', 58),
(649, 'Huyện Châu Thành', '905', 58),
(650, 'Huyện Giồng Riềng', '906', 58),
(651, 'Huyện Gò Quao', '907', 58),
(652, 'Huyện An Biên', '908', 58),
(653, 'Huyện An Minh', '909', 58),
(654, 'Huyện Vĩnh Thuận', '910', 58),
(655, 'Huyện Phú Quốc', '911', 58),
(656, 'Huyện Kiên Hải', '912', 58),
(657, 'Huyện U Minh Thượng', '913', 58),
(658, 'Huyện Giang Thành', '914', 58),
(659, 'Quận Ninh Kiều', '916', 59),
(660, 'Quận Ô Môn', '917', 59),
(661, 'Quận Bình Thuỷ', '918', 59),
(662, 'Quận Cái Răng', '919', 59),
(663, 'Quận Thốt Nốt', '923', 59),
(664, 'Huyện Vĩnh Thạnh', '924', 59),
(665, 'Huyện Cờ Đỏ', '925', 59),
(666, 'Huyện Phong Điền', '926', 59),
(667, 'Huyện Thới Lai', '927', 59),
(668, 'Thành phố Vị Thanh', '930', 60),
(669, 'Thành phố Ngã Bảy', '931', 60),
(670, 'Huyện Châu Thành A', '932', 60),
(671, 'Huyện Châu Thành', '933', 60),
(672, 'Huyện Phụng Hiệp', '934', 60),
(673, 'Huyện Vị Thuỷ', '935', 60),
(674, 'Huyện Long Mỹ', '936', 60),
(675, 'Thị xã Long Mỹ', '937', 60),
(676, 'Thành phố Sóc Trăng', '941', 61),
(677, 'Huyện Châu Thành', '942', 61),
(678, 'Huyện Kế Sách', '943', 61),
(679, 'Huyện Mỹ Tú', '944', 61),
(680, 'Huyện Cù Lao Dung', '945', 61),
(681, 'Huyện Long Phú', '946', 61),
(682, 'Huyện Mỹ Xuyên', '947', 61),
(683, 'Thị xã Ngã Năm', '948', 61),
(684, 'Huyện Thạnh Trị', '949', 61),
(685, 'Thị xã Vĩnh Châu', '950', 61),
(686, 'Huyện Trần Đề', '951', 61),
(687, 'Thành phố Bạc Liêu', '954', 62),
(688, 'Huyện Hồng Dân', '956', 62),
(689, 'Huyện Phước Long', '957', 62),
(690, 'Huyện Vĩnh Lợi', '958', 62),
(691, 'Thị xã Giá Rai', '959', 62),
(692, 'Huyện Đông Hải', '960', 62),
(693, 'Huyện Hoà Bình', '961', 62),
(694, 'Thành phố Cà Mau', '964', 63),
(695, 'Huyện U Minh', '966', 63),
(696, 'Huyện Thới Bình', '967', 63),
(697, 'Huyện Trần Văn Thời', '968', 63),
(698, 'Huyện Cái Nước', '969', 63),
(699, 'Huyện Đầm Dơi', '970', 63),
(700, 'Huyện Năm Căn', '971', 63),
(701, 'Huyện Phú Tân', '972', 63),
(702, 'Huyện Ngọc Hiển', '973', 63);

-- --------------------------------------------------------

--
-- Table structure for table `migrations`
--

CREATE TABLE `migrations` (
  `id` int(10) UNSIGNED NOT NULL,
  `migration` varchar(255) COLLATE utf8mb4_unicode_ci NOT NULL,
  `batch` int(11) NOT NULL
) ENGINE=InnoDB DEFAULT CHARSET=utf8mb4 COLLATE=utf8mb4_unicode_ci;

--
-- Dumping data for table `migrations`
--

INSERT INTO `migrations` (`id`, `migration`, `batch`) VALUES
(1, '2020_10_29_032313_districts_table', 1),
(2, '2020_10_29_033108_cameras_table', 1),
(3, '2020_10_29_033438_vehicles_table', 1),
(4, '2020_10_29_033853_vehicle_types_table', 1),
(5, '2020_10_29_034010_cameras_vehicles_table', 1),
(6, '2020_11_26_195827_provinces_table', 1),
(7, '2020_11_27_071532_toll_stations_table', 1);

-- --------------------------------------------------------

--
-- Table structure for table `provinces`
--

CREATE TABLE `provinces` (
  `province_id` int(10) UNSIGNED NOT NULL COMMENT 'id tỉnh',
  `province_name` varchar(255) COLLATE utf8mb4_unicode_ci NOT NULL COMMENT 'tên tỉnh',
  `gso_id` varchar(255) COLLATE utf8mb4_unicode_ci NOT NULL COMMENT 'mã địa giới'
) ENGINE=InnoDB DEFAULT CHARSET=utf8mb4 COLLATE=utf8mb4_unicode_ci;

--
-- Dumping data for table `provinces`
--

INSERT INTO `provinces` (`province_id`, `province_name`, `gso_id`) VALUES
(1, 'Thành phố Hà Nội', '01'),
(2, 'Tỉnh Hà Giang', '02'),
(3, 'Tỉnh Cao Bằng', '04'),
(4, 'Tỉnh Bắc Kạn', '06'),
(5, 'Tỉnh Tuyên Quang', '08'),
(6, 'Tỉnh Lào Cai', '10'),
(7, 'Tỉnh Điện Biên', '11'),
(8, 'Tỉnh Lai Châu', '12'),
(9, 'Tỉnh Sơn La', '14'),
(10, 'Tỉnh Yên Bái', '15'),
(11, 'Tỉnh Hoà Bình', '17'),
(12, 'Tỉnh Thái Nguyên', '19'),
(13, 'Tỉnh Lạng Sơn', '20'),
(14, 'Tỉnh Quảng Ninh', '22'),
(15, 'Tỉnh Bắc Giang', '24'),
(16, 'Tỉnh Phú Thọ', '25'),
(17, 'Tỉnh Vĩnh Phúc', '26'),
(18, 'Tỉnh Bắc Ninh', '27'),
(19, 'Tỉnh Hải Dương', '30'),
(20, 'Thành phố Hải Phòng', '31'),
(21, 'Tỉnh Hưng Yên', '33'),
(22, 'Tỉnh Thái Bình', '34'),
(23, 'Tỉnh Hà Nam', '35'),
(24, 'Tỉnh Nam Định', '36'),
(25, 'Tỉnh Ninh Bình', '37'),
(26, 'Tỉnh Thanh Hóa', '38'),
(27, 'Tỉnh Nghệ An', '40'),
(28, 'Tỉnh Hà Tĩnh', '42'),
(29, 'Tỉnh Quảng Bình', '44'),
(30, 'Tỉnh Quảng Trị', '45'),
(31, 'Tỉnh Thừa Thiên Huế', '46'),
(32, 'Thành phố Đà Nẵng', '48'),
(33, 'Tỉnh Quảng Nam', '49'),
(34, 'Tỉnh Quảng Ngãi', '51'),
(35, 'Tỉnh Bình Định', '52'),
(36, 'Tỉnh Phú Yên', '54'),
(37, 'Tỉnh Khánh Hòa', '56'),
(38, 'Tỉnh Ninh Thuận', '58'),
(39, 'Tỉnh Bình Thuận', '60'),
(40, 'Tỉnh Kon Tum', '62'),
(41, 'Tỉnh Gia Lai', '64'),
(42, 'Tỉnh Đắk Lắk', '66'),
(43, 'Tỉnh Đắk Nông', '67'),
(44, 'Tỉnh Lâm Đồng', '68'),
(45, 'Tỉnh Bình Phước', '70'),
(46, 'Tỉnh Tây Ninh', '72'),
(47, 'Tỉnh Bình Dương', '74'),
(48, 'Tỉnh Đồng Nai', '75'),
(49, 'Tỉnh Bà Rịa - Vũng Tàu', '77'),
(50, 'Thành phố Hồ Chí Minh', '79'),
(51, 'Tỉnh Long An', '80'),
(52, 'Tỉnh Tiền Giang', '82'),
(53, 'Tỉnh Bến Tre', '83'),
(54, 'Tỉnh Trà Vinh', '84'),
(55, 'Tỉnh Vĩnh Long', '86'),
(56, 'Tỉnh Đồng Tháp', '87'),
(57, 'Tỉnh An Giang', '89'),
(58, 'Tỉnh Kiên Giang', '91'),
(59, 'Thành phố Cần Thơ', '92'),
(60, 'Tỉnh Hậu Giang', '93'),
(61, 'Tỉnh Sóc Trăng', '94'),
(62, 'Tỉnh Bạc Liêu', '95'),
(63, 'Tỉnh Cà Mau', '96');

-- --------------------------------------------------------

--
-- Table structure for table `toll_stations`
--

CREATE TABLE `toll_stations` (
  `toll_station_id` int(10) UNSIGNED NOT NULL COMMENT 'id trạm thu phí',
  `toll_station_name` varchar(255) COLLATE utf8mb4_unicode_ci NOT NULL COMMENT 'tên trạm thu phí',
  `district_id` int(10) UNSIGNED NOT NULL COMMENT 'id huyện'
) ENGINE=InnoDB DEFAULT CHARSET=utf8mb4 COLLATE=utf8mb4_unicode_ci;

--
-- Dumping data for table `toll_stations`
--

INSERT INTO `toll_stations` (`toll_station_id`, `toll_station_name`, `district_id`) VALUES
(1, 'Trạm thu Phí BOT Cần Thơ - Phụng Hiệp', 662),
(2, 'Trạm thu phí Ô Môn - Hướng đi Cần Thơ', 660),
(3, 'Trạm Thu Phí BOT Cai Lậy', 589),
(4, 'Trạm thu phí Tân An', 590);

-- --------------------------------------------------------

--
-- Table structure for table `vehicles`
--

CREATE TABLE `vehicles` (
  `vehicle_id` int(10) UNSIGNED NOT NULL COMMENT 'id xe',
  `image` varchar(255) COLLATE utf8mb4_unicode_ci DEFAULT NULL COMMENT 'hình ảnh',
  `vehicle_type_id` int(10) UNSIGNED DEFAULT NULL COMMENT 'id loai pt'
) ENGINE=InnoDB DEFAULT CHARSET=utf8mb4 COLLATE=utf8mb4_unicode_ci;

--
-- Dumping data for table `vehicles`
--

INSERT INTO `vehicles` (`vehicle_id`, `image`, `vehicle_type_id`) VALUES
(1, NULL, 3),
(2, NULL, 2),
(3, NULL, 2),
(4, NULL, 2),
(5, NULL, 2),
(6, NULL, 2),
(7, NULL, 2),
(8, NULL, 2),
(9, NULL, 2),
(10, NULL, 2),
(11, NULL, 2),
(12, NULL, 2),
(13, NULL, 2),
(14, NULL, 2),
(15, NULL, 2),
(16, NULL, 3),
(17, NULL, 2),
(18, NULL, 3),
(19, NULL, 2),
(20, NULL, 2),
(21, NULL, 1),
(22, NULL, 2),
(23, NULL, 2),
(24, NULL, 2),
(25, NULL, 3),
(26, NULL, 2),
(27, NULL, 2),
(28, NULL, 2),
(29, NULL, 2),
(30, NULL, 2),
(31, NULL, 2),
(32, NULL, 3),
(33, NULL, 2),
(34, NULL, 3),
(35, NULL, 2),
(36, NULL, 2),
(37, NULL, 2),
(38, NULL, 2),
(39, NULL, 1),
(40, NULL, 4),
(41, NULL, 2),
(42, NULL, 2),
(43, NULL, 2),
(44, NULL, 2),
(45, NULL, 2),
(46, NULL, 2),
(47, NULL, 2),
(48, NULL, 2),
(49, NULL, 2),
(50, NULL, 3),
(51, NULL, 2),
(52, NULL, 2),
(53, NULL, 2),
(54, NULL, 2),
(55, NULL, 1),
(56, NULL, 1),
(57, NULL, 2),
(58, NULL, 2),
(59, NULL, 2),
(60, NULL, 2),
(61, NULL, 2),
(62, NULL, 2),
(63, NULL, 2),
(64, NULL, 2),
(65, NULL, 4),
(66, NULL, 2),
(67, NULL, 2),
(68, NULL, 2),
(69, NULL, 2),
(70, NULL, 2),
(71, NULL, 3),
(72, NULL, 2),
(73, NULL, 3),
(74, NULL, 2),
(75, NULL, 2),
(76, NULL, 2),
(77, NULL, 2),
(78, NULL, 2),
(79, NULL, 2),
(80, NULL, 2),
(81, NULL, 2),
(82, NULL, 2),
(83, NULL, 2),
(84, NULL, 2),
(85, NULL, 2),
(86, NULL, 2),
(87, NULL, 2),
(88, NULL, 2),
(89, NULL, 2),
(90, NULL, 2),
(91, NULL, 3),
(92, NULL, 2),
(93, NULL, 2),
(94, NULL, 4),
(95, NULL, 2),
(96, NULL, 4),
(97, NULL, 4),
(98, NULL, 2),
(99, NULL, 2),
(100, NULL, 2),
(101, NULL, 2),
(102, NULL, 4),
(103, NULL, 2),
(104, NULL, 2),
(105, NULL, 2),
(106, NULL, 4),
(107, NULL, 2),
(108, NULL, 2),
(109, NULL, 4),
(110, NULL, 2),
(111, NULL, 2),
(112, NULL, 2),
(113, NULL, 2),
(114, NULL, 2),
(115, NULL, 4),
(116, NULL, 2),
(117, NULL, 2),
(118, NULL, 2),
(119, NULL, 2),
(120, NULL, 4),
(121, NULL, 2),
(122, NULL, 2),
(123, NULL, 2),
(124, NULL, 3),
(125, NULL, 2),
(126, NULL, 2),
(127, NULL, 2),
(128, NULL, 2),
(129, NULL, 2),
(130, NULL, 2),
(131, NULL, 3),
(132, NULL, 4),
(133, NULL, 2),
(134, NULL, 2),
(135, NULL, 4),
(136, NULL, 2),
(137, NULL, 4),
(138, NULL, 2),
(139, NULL, 2),
(140, NULL, 2),
(141, NULL, 2),
(142, NULL, 4),
(143, NULL, 4),
(144, NULL, 2),
(145, NULL, 2),
(146, NULL, 2),
(147, NULL, 2),
(148, NULL, 2),
(149, NULL, 2),
(150, NULL, 2),
(151, NULL, 2),
(152, NULL, 2),
(153, NULL, 2),
(154, NULL, 2),
(155, NULL, 2),
(156, NULL, 2),
(157, NULL, 2),
(158, NULL, 2),
(159, NULL, 2),
(160, NULL, 5),
(161, NULL, 2),
(162, NULL, 5),
(163, NULL, 2),
(164, NULL, 1),
(165, NULL, 2),
(166, NULL, 3),
(167, NULL, 2),
(168, NULL, 1),
(169, NULL, 4),
(170, NULL, 2),
(171, NULL, 1),
(172, NULL, 1),
(173, NULL, 2),
(174, NULL, 2),
(175, NULL, 1),
(176, NULL, 1),
(177, NULL, 1),
(178, NULL, 1),
(179, NULL, 1),
(180, NULL, 2),
(181, NULL, 1),
(182, NULL, 2),
(183, NULL, 1),
(184, NULL, 2),
(185, NULL, 2),
(186, NULL, 2),
(187, NULL, 2),
(188, NULL, 2),
(189, NULL, 1),
(190, NULL, 2),
(191, NULL, 2),
(192, NULL, 2),
(193, NULL, 2),
(194, NULL, 1),
(195, NULL, 1),
(196, NULL, 2),
(197, NULL, 2),
(198, NULL, 2),
(199, NULL, 2),
(200, NULL, 2),
(201, NULL, 1),
(202, NULL, 2),
(203, NULL, 2),
(204, NULL, 2);

-- --------------------------------------------------------

--
-- Table structure for table `vehicle_types`
--

CREATE TABLE `vehicle_types` (
  `vehicle_type_id` int(10) UNSIGNED NOT NULL COMMENT 'id loại xe',
  `vehicle_type_name` varchar(255) COLLATE utf8mb4_unicode_ci NOT NULL COMMENT 'tên loại xe'
) ENGINE=InnoDB DEFAULT CHARSET=utf8mb4 COLLATE=utf8mb4_unicode_ci;

--
-- Dumping data for table `vehicle_types`
--

INSERT INTO `vehicle_types` (`vehicle_type_id`, `vehicle_type_name`) VALUES
(1, 'motorcycle'),
(2, 'car'),
(3, 'bus'),
(4, 'truck'),
(5, 'container'),
(6, 'bicycle');

--
-- Indexes for dumped tables
--

--
-- Indexes for table `cameras`
--
ALTER TABLE `cameras`
  ADD PRIMARY KEY (`camera_id`);

--
-- Indexes for table `cameras_vehicles`
--
ALTER TABLE `cameras_vehicles`
  ADD PRIMARY KEY (`camera_vehicle_id`);

--
-- Indexes for table `districts`
--
ALTER TABLE `districts`
  ADD PRIMARY KEY (`district_id`);

--
-- Indexes for table `migrations`
--
ALTER TABLE `migrations`
  ADD PRIMARY KEY (`id`);

--
-- Indexes for table `provinces`
--
ALTER TABLE `provinces`
  ADD PRIMARY KEY (`province_id`);

--
-- Indexes for table `toll_stations`
--
ALTER TABLE `toll_stations`
  ADD PRIMARY KEY (`toll_station_id`);

--
-- Indexes for table `vehicles`
--
ALTER TABLE `vehicles`
  ADD PRIMARY KEY (`vehicle_id`);

--
-- Indexes for table `vehicle_types`
--
ALTER TABLE `vehicle_types`
  ADD PRIMARY KEY (`vehicle_type_id`);

--
-- AUTO_INCREMENT for dumped tables
--

--
-- AUTO_INCREMENT for table `cameras`
--
ALTER TABLE `cameras`
  MODIFY `camera_id` int(10) UNSIGNED NOT NULL AUTO_INCREMENT COMMENT 'id camera', AUTO_INCREMENT=3;

--
-- AUTO_INCREMENT for table `cameras_vehicles`
--
ALTER TABLE `cameras_vehicles`
  MODIFY `camera_vehicle_id` int(10) UNSIGNED NOT NULL AUTO_INCREMENT COMMENT 'id lien ket camera vs vehicle', AUTO_INCREMENT=205;

--
-- AUTO_INCREMENT for table `districts`
--
ALTER TABLE `districts`
  MODIFY `district_id` int(10) UNSIGNED NOT NULL AUTO_INCREMENT COMMENT 'id huyện', AUTO_INCREMENT=703;

--
-- AUTO_INCREMENT for table `migrations`
--
ALTER TABLE `migrations`
  MODIFY `id` int(10) UNSIGNED NOT NULL AUTO_INCREMENT, AUTO_INCREMENT=8;

--
-- AUTO_INCREMENT for table `provinces`
--
ALTER TABLE `provinces`
  MODIFY `province_id` int(10) UNSIGNED NOT NULL AUTO_INCREMENT COMMENT 'id tỉnh', AUTO_INCREMENT=64;

--
-- AUTO_INCREMENT for table `toll_stations`
--
ALTER TABLE `toll_stations`
  MODIFY `toll_station_id` int(10) UNSIGNED NOT NULL AUTO_INCREMENT COMMENT 'id trạm thu phí', AUTO_INCREMENT=5;

--
-- AUTO_INCREMENT for table `vehicles`
--
ALTER TABLE `vehicles`
  MODIFY `vehicle_id` int(10) UNSIGNED NOT NULL AUTO_INCREMENT COMMENT 'id xe', AUTO_INCREMENT=205;

--
-- AUTO_INCREMENT for table `vehicle_types`
--
ALTER TABLE `vehicle_types`
  MODIFY `vehicle_type_id` int(10) UNSIGNED NOT NULL AUTO_INCREMENT COMMENT 'id loại xe', AUTO_INCREMENT=7;
COMMIT;

/*!40101 SET CHARACTER_SET_CLIENT=@OLD_CHARACTER_SET_CLIENT */;
/*!40101 SET CHARACTER_SET_RESULTS=@OLD_CHARACTER_SET_RESULTS */;
/*!40101 SET COLLATION_CONNECTION=@OLD_COLLATION_CONNECTION */;
